<?xml version="1.0" encoding="UTF-8"?>
<ti:module xmlns:ti="http://ti.appcelerator.org" xmlns:android="http://schemas.android.com/apk/res/android">
	<iphone>
	</iphone>
	<android xmlns:android="http://schemas.android.com/apk/res/android">
		<manifest>
			<application>
        <service android:name="com.parse.PushService" />
        <receiver android:name="com.parse.ParseBroadcastReceiver">
          <intent-filter>
            <action android:name="android.intent.action.BOOT_COMPLETED" />
            <action android:name="android.intent.action.USER_PRESENT" />
          </intent-filter>
        </receiver>
        <receiver android:name="com.parse.GcmBroadcastReceiver" android:permission="com.google.android.c2dm.permission.SEND">
          <intent-filter>
            <action android:name="com.google.android.c2dm.intent.RECEIVE" />
            <action android:name="com.google.android.c2dm.intent.REGISTRATION" />
            <category android:name="${tiapp.properties['id']}" />
          </intent-filter>
        </receiver>
	    </application>
	    <uses-permission android:name="android.permission.INTERNET" />
	    <uses-permission android:name="android.permission.ACCESS_NETWORK_STATE" />
	    <uses-permission android:name="android.permission.VIBRATE" />
	    <uses-permission android:name="android.permission.WAKE_LOCK" />
	    <uses-permission android:name="android.permission.GET_ACCOUNTS" />
	    <uses-permission android:name="com.google.android.c2dm.permission.RECEIVE" />
	    <permission android:name="${tiapp.properties['id']}.permission.C2D_MESSAGE" android:protectionLevel="signature" />
	    <uses-permission android:name="${tiapp.properties['id']}.permission.C2D_MESSAGE" />
		</manifest>
	</android>
	<mobileweb>
	</mobileweb>
</ti:module>
