<?xml version="1.0" encoding="UTF-8"?>
<ti:app xmlns:ti="http://ti.appcelerator.org">
    <id>com.sas</id>
    <name>Pandas</name>
    <version>1.0</version>
    <publisher>Alejandro</publisher>
    <url>http://</url>
    <description/>
    <copyright>2014 by Alejandro</copyright>
    <icon>appicon.png</icon>
    <fullscreen>false</fullscreen>
    <navbar-hidden>false</navbar-hidden>
    <analytics>true</analytics>
    <guid>f01da073-dec1-4d10-a4d0-348f42cb1d0a</guid>
    <property name="ti.ui.defaultunit" type="string">dp</property>
    <ios>
        <plist>
            <dict>
                <key>UISupportedInterfaceOrientations~iphone</key>
                <array>
                    <string>UIInterfaceOrientationPortrait</string>
                </array>
                <key>UISupportedInterfaceOrientations~ipad</key>
                <array>
                    <string>UIInterfaceOrientationPortrait</string>
                    <string>UIInterfaceOrientationPortraitUpsideDown</string>
                    <string>UIInterfaceOrientationLandscapeLeft</string>
                    <string>UIInterfaceOrientationLandscapeRight</string>
                </array>
                <key>UIRequiresPersistentWiFi</key>
                <false/>
                <key>UIPrerenderedIcon</key>
                <false/>
                <key>UIStatusBarHidden</key>
                <false/>
                <key>UIStatusBarStyle</key>
                <string>UIStatusBarStyleDefault</string>
            </dict>
        </plist>
    </ios>
    <android xmlns:android="http://schemas.android.com/apk/res/android"/>
    <mobileweb>
        <precache/>
        <splash>
            <enabled>true</enabled>
            <inline-css-images>true</inline-css-images>
        </splash>
        <theme>default</theme>
    </mobileweb>
    <modules>
        <module platform="android">net.iamyellow.gcmjs</module>
        <module platform="android">ti.ntlm</module>
    </modules>
    <deployment-targets>
        <target device="iphone">false</target>
        <target device="ipad">false</target>
        <target device="android">true</target>
        <target device="blackberry">false</target>
        <target device="mobileweb">false</target>
    </deployment-targets>
    <sdk-version>3.4.1.GA</sdk-version>
</ti:app>
